Cell1,Cell2,Cell3,Cell4,Cell5,Cell6,Cell7,Cell8,Cell9,Cell10,Cell11,Cell12,Cell13,Cell14,Cell15,Cell16,Cell17,Cell18,Cell19,Cell20,Cell21,Cell22,Cell23
1.000133909,0.993394133,0.999488188,0.996271901,0.98163037,1.00947516,1.007216939,0.985783421,0.986683822,0.99934937,0.985569851,0.987468799,0.997295429,0.997310338,0.989084709,0.997315278,0.994478293,0.996876033,0.996719045,0.988089957,0.997821899,0.994197773,1.005390623
0.995776794,0.990388673,0.986318322,1.003881406,0.985868331,1.005775374,1.013810826,1.001719085,1.010239251,1.007316659,0.995980247,0.987848136,1.006097943,1.00394409,1.000471457,0.999260359,0.990794324,0.998077306,1.0005023,0.991251947,0.998796945,1.000611335,0.995182724
1.002233391,0.996651775,0.998470105,1.009338415,0.99338008,1.006771675,0.998595185,1.006321369,1.008674405,1.007443306,0.994230698,0.996727446,1.007942667,1.00692702,0.997812394,1.000363946,0.993408786,0.993084159,0.999434202,1.000161233,1.006279257,0.999719663,1.000603953
1.000834179,0.994222993,1.011339538,0.995320723,0.994976316,1.000274642,0.998723765,1.001361817,1.009742613,1.002651326,0.991144681,1.005094128,0.995167704,0.999904632,0.996755289,0.997470411,1.000173333,1.005036743,1.001246409,0.991323092,1.004014924,0.997347114,1.005698565
0.99910385,0.998845151,0.994496479,1.004347652,0.99713775,1.005045471,1.008137913,1.006670522,1.011429149,1.007162361,1.003086038,0.992728893,1.010910616,1.000524681,0.992764811,1.002610973,0.994236723,0.994230675,1.005397642,0.974673947,1.00647085,1.003926123,0.999679014
0.99821042,1.003171357,0.998311194,1.004703696,1.000363183,1.008539531,0.998815813,1.008005963,1.007031448,1.002697582,0.985378859,0.998116373,1.009843761,1.00272589,0.99955782,1.002242075,1.000114048,0.998400437,1.003547629,1.004751925,0.998656553,1.001996972,0.998659256
0.99873949,0.995892121,1.005566638,0.993100821,0.998815368,0.995481367,0.992777296,1.000397927,1.001276183,0.998527464,1.00313714,1.002093795,0.991208938,0.999723075,0.994834379,0.999063711,0.996074623,1.002838179,1.000770807,0.995421572,0.991076975,1.001468519,1.001916523
0.993900966,1.0000844,0.999495784,1.002100566,0.999931306,0.998507158,1.005749156,1.000503578,0.999139223,0.996921321,1.012389259,1.003565538,1.004344288,0.999940411,1.00470862,0.999503629,0.997205231,0.999157778,0.998875957,1.019613561,0.999368849,0.9986264,1.001364223
0.999181437,1.001543635,1.009743839,0.999411996,1.00618373,0.992406057,0.982137495,1.005420753,0.998262734,0.990967404,1.013633344,0.998827663,0.992235679,0.996427849,1.002714625,0.993960804,1.007377145,1.006484238,1.001149925,1.012186746,0.998871862,0.998468904,1.004627413
1.00676162,0.999426479,1.004196533,1.002726,1.003216266,0.999835414,1.001694024,1.004196711,0.995852116,0.99991822,1.008020975,1.000301985,1.002427234,0.997433074,1.007511889,1.002523089,1.006082323,0.997249629,1.004721146,1.005460091,0.998218493,0.9965906,0.997973139
0.998277757,0.994588012,0.991732162,0.994884035,1.002865812,0.989214236,0.990206023,0.995927537,0.99116927,0.994215215,0.994945199,1.00647042,1.001722551,1.000120076,1.003411767,1.002909091,1.00405454,0.999410012,1.000199026,0.998681112,0.993425821,1.001419276,0.997959603
1.003981682,1.010144485,1.006028676,1.001718803,1.014749646,0.998495283,1.001092108,0.997021182,0.993838179,1.002468043,1.002520844,1.003428687,0.993151475,1.0052506,1.008882863,1.009234364,1.007172397,1.004110597,0.99824939,1.012738107,1.00901358,0.999589606,0.997761629
1.001534936,1.006800073,0.996421128,0.992828255,1.007011303,0.995094188,0.993276737,0.992370651,0.995641663,0.989706073,1.003732952,1.005666963,0.989931327,0.993208319,0.997939861,0.996959636,1.001393987,1.002836937,0.994234012,0.998691842,0.994460832,0.99861164,0.994714569
1.00132957,1.014846713,0.998391412,0.999365731,1.01387054,0.995084445,1.00776672,0.994299482,0.991019944,1.000655657,1.006229913,1.011661173,0.997720389,0.996559945,1.003549516,0.996582634,1.007434248,1.002207278,0.994952511,1.006954869,1.00352316,1.007426078,0.998468766
1.010845176,1.015028907,1.008655162,0.997555031,1.01414737,0.997822158,1.00647962,0.995924298,0.991169056,1.00350204,1.010442457,1.012308786,1.000447434,0.993210922,0.999918389,0.999670014,1.000008843,1.006737901,1.006930783,1.00825095,1.003589765,1.005861898,0.994514876
1.014673083,1.011104284,1.011825316,1.002128145,1.013135551,0.998453712,1.004418596,0.990263412,0.988691765,1.001294265,1.013497377,1.016368308,1.209188384,0.998310948,0.996816305,1.007105698,1.00619842,1.005364479,1.003110683,1.023009411,0.999502373,1.010055724,0.99944918
1.003169362,1.008311472,1.022310716,0.989870691,1.013766668,1.002805999,0.998237045,0.992773494,0.984943121,0.991341386,1.011255268,1.008503547,1.238364671,0.998379137,0.994889357,1.004686177,0.998030813,1.010311679,1.001194402,1.027366888,0.99400211,1.006637065,1.011232186
1.005352263,1.014367424,1.000307983,0.996530584,1.012795809,1.001137417,1.010283059,0.994346732,0.98856586,0.99690311,1.011231578,1.015692447,1.227886602,1.001636759,0.994626019,0.998593361,1.009213776,1.008482885,0.999466479,1.012469703,0.999771668,1.007512379,1.004458964
1.00839707,1.011717189,1.009033776,0.993753646,1.013031747,0.99327682,1.001539753,1.000698479,0.988327122,0.995507051,1.016102722,1.020512994,1.183833971,1.000039131,0.995287177,1.004665555,1.00153022,1.009104616,1.002962218,1.026120309,0.999003857,1.009283949,1.005934951
1.007112926,1.01354247,1.018046121,0.980012466,1.016268871,0.990226805,0.995576174,0.99039309,0.981446947,0.983962092,0.995844404,1.001864605,1.138197673,0.996724146,0.996895346,1.000717077,1.00505361,1.012593974,0.996665446,1.025241891,0.992497486,1.010698812,1.012180472
1.0123728,1.007629111,1.007176639,0.980629756,1.011069954,0.986046529,0.96833245,0.956459785,0.972057745,0.966711069,0.998326003,1.00438942,1.126056984,0.993638558,0.985274713,0.971902501,0.987408937,1.001043782,0.986823716,1.019647178,0.938097166,1.000724011,1.004856433
1.016014209,1.013078719,1.006839053,0.986778923,1.014729699,0.992032484,0.999296219,0.995858891,0.981131848,0.982693325,1.018420757,1.005864087,1.083373468,1.000021407,0.991540328,1.000994868,1.003971939,1.007802824,1.002284161,1.022958308,0.994737023,1.010925386,1.011796331
1.019192474,1.010580629,1.008811398,0.990830169,1.012829045,0.987480622,1.003590872,0.989895218,0.977393683,0.985153898,1.020511228,1.005558301,1.045062154,0.991519568,0.988890367,0.99607711,1.008531669,0.998719444,1.008915587,1.011804015,0.994287561,1.004615244,1.003497366
1.011239666,1.01201959,1.021543284,0.987610611,1.013916723,0.984358751,1.003945498,0.993537544,0.978390636,0.976493355,1.023160336,1.009539515,1.017281846,0.998265013,0.987793888,1.000424501,1.006764482,1.012068422,1.005558172,1.027902728,1.00025627,1.007818645,1.083080945
1.007049075,1.003084639,1.011461196,0.978736566,1.015531468,0.989277536,1.003215303,0.988709336,0.980852018,0.976536614,1.020982861,0.999959795,0.990604231,0.99354076,0.983140708,0.990810989,1.009021004,1.00585825,1.000803307,1.010356319,0.986381904,1.006237927,1.052992248
1.031229381,1.023360749,1.021869181,0.989451175,1.019909848,0.982635659,0.991619566,0.996400019,0.975534408,0.96870342,1.011923115,1.006923877,0.969595152,0.990335665,0.976540751,0.990042107,1.006609348,1.0028833,0.994319092,1.015775985,0.991541369,1.011506702,1.055052091
1.024606009,1.02432895,1.01669851,0.980864495,1.019701018,0.985406127,0.992286049,0.984326001,0.97775174,0.967310161,1.019613857,0.997189887,0.953807208,0.993551114,0.977445359,0.991157924,1.006970917,1.006751451,0.999160753,1.020110381,0.983027308,1.003148863,1.045737433
1.011815669,1.021034993,1.0130996,0.978096907,1.021301795,0.984568477,1.007454446,0.987578644,0.976631256,0.968500447,1.020717798,1.011656668,0.943828927,0.989194218,0.983573878,0.98627922,1.006520275,1.006839446,0.991642525,1.023278151,0.987041946,0.996344761,1.044345757
1.01104816,1.01715186,0.998942408,0.973767485,1.020817384,0.981640336,1.00485739,0.984797057,0.974301513,0.96158219,1.019342116,1.006357873,0.937898748,0.983685983,0.972900105,0.981302681,1.001568589,0.998822367,0.989510142,1.019462256,0.982057588,1.003723662,1.030888399
1.033712286,1.02861911,1.015809535,0.985093533,1.030059744,0.986304587,1.012083567,0.994037522,0.985837704,0.97455939,1.021926315,1.002938021,0.942815492,0.995783703,0.984142169,0.99245116,1.01397799,1.01194913,0.999465884,1.016174198,0.987326011,1.016073927,1.043568526
1.03617761,1.031769913,1.01968421,1.001650331,1.0476026,0.996062286,1.012813308,1.007730852,0.999191556,0.976250176,1.041421778,1.017480311,1.214814387,1.006674961,1.002166224,1.000383694,1.02335777,1.018906045,1.008601502,1.030778073,0.992823433,1.026701801,1.05239007
1.037343599,1.039598863,1.045877751,0.994466188,1.050302065,1.00602749,1.016745273,1.024377391,1.003268169,0.983258994,1.040921482,1.028989525,1.225413648,1.007436246,0.996470614,0.995497219,1.035646729,1.021530682,1.021821454,1.053873154,0.999148674,1.036476785,1.056728919
1.023760097,1.040747608,1.035692285,0.985646677,1.042846445,0.993428181,1.019397511,1.005786544,0.966447191,0.977802099,1.02079928,1.015065696,1.1831269,0.997945464,0.9947842,0.985404612,1.020176586,1.014210413,1.001010938,1.045087332,0.995613628,1.003703315,1.040120956
1.042344743,1.035977275,1.044412085,0.992586819,1.049090092,0.995304792,1.016405733,1.001754649,0.991044704,0.970311032,1.033249699,1.012074968,1.150495406,1.006269673,0.996786522,0.988511694,1.020029342,1.021447475,1.011924105,1.04467075,0.996320263,1.018830994,1.046444203
1.037114423,1.036216567,1.037143652,0.990921337,1.046974518,0.997051206,1.017667794,1.013012896,0.989078406,0.973970737,1.034848907,1.022265717,1.120686272,1.011063895,0.995612904,0.989388408,1.014352017,1.019530172,1.005565296,1.036988735,0.997344204,1.022995255,1.044210112
1.039522425,1.032897285,1.036762577,0.980825769,1.048072289,0.99011336,1.015643974,1.007089778,0.987359458,0.971936967,1.037687257,1.026558164,1.095236267,0.996908896,0.98968173,0.988494781,1.025378911,1.013292338,1.010464344,1.032607106,0.993884084,1.015523042,1.044413934
1.033640531,1.032035189,1.032283929,0.981506696,1.043626775,0.986834794,1.023660354,1.019106879,0.986723846,0.97642762,1.02657641,1.015409241,1.076804911,1.001036836,0.993786238,0.984961269,1.020879094,1.018895563,1.007399749,1.040928521,1.000982084,1.016946448,1.034551729
1.041193054,1.037055419,1.031179145,0.999069075,1.037327164,0.983067239,1.01782148,1.020190941,0.984047736,0.972757306,1.028148778,1.022032644,1.046681593,1.002756686,0.993005126,0.987259391,1.022105162,1.01475911,1.000332912,1.039436808,0.996568568,1.027096892,1.021745686
1.033174735,1.030322868,1.028333993,0.982145496,1.042777273,0.980895967,1.022840034,1.008695032,0.980873253,0.974226878,1.032688458,1.02125556,1.02435136,1.000209763,0.986582845,0.990338266,1.019143045,1.007909165,0.999800773,1.03759121,1.003756316,1.018866203,1.026226318
1.038516746,1.032475,1.04950223,0.981247157,1.038325971,0.972941842,1.020073111,1.010785873,0.979955551,0.966911054,1.028832802,1.016234465,0.996822029,0.993247409,0.990021945,0.97941169,1.022072037,1.014093258,1.005762141,1.056279136,1.000861412,1.016726976,1.026063605
1.030275462,1.024328668,1.024951264,0.983569702,1.041858174,0.972003604,1.017267027,1.001399213,0.982410222,0.970514781,1.034246096,1.013199945,0.981166147,0.994354963,0.984822103,0.980042365,1.023419966,1.00500703,0.997673851,1.040780435,0.998701019,1.016811306,1.021178777
1.028055342,1.03436836,1.028436408,0.989373564,1.042870204,0.974399954,1.019709541,0.999404565,0.976187593,0.969270378,1.030667682,1.007823376,0.963616364,0.985289636,0.983397131,0.980227131,1.014744766,1.000201814,0.995594861,1.048602254,1.053313468,1.016442509,1.014705351
1.02784,1.02385044,1.025322668,0.982140182,1.042603294,0.968833096,1.020543073,0.99804577,0.974041267,0.965415631,1.034191878,1.011455266,0.94314717,0.988092169,0.975541157,0.969766402,1.015255305,1.00206614,0.995725992,1.028341133,1.053351963,1.013313602,1.005454158
1.032238645,1.025106409,1.026954878,0.982784072,1.038852207,0.962524236,1.004577508,0.987471045,0.973281109,0.956449682,1.026777989,1.002767746,0.934976805,0.986935579,0.9721709,0.97228686,1.018283638,1.004340968,0.989084521,1.049189588,1.036957648,1.016095213,1.013195739
1.021997848,1.029794709,1.020464883,0.977506899,1.040840862,0.970219641,1.006575055,0.984536459,0.972390792,0.958166027,1.020776092,0.999294078,0.920217152,0.989840713,0.973629278,0.968147842,1.015701659,0.998624649,0.99462073,1.051630293,1.025461765,1.010160886,1.007275079
1.020785143,1.025450662,1.025244183,0.966680274,1.040438158,0.976506845,1.010525902,0.97861359,0.973158885,0.957761392,1.027629574,1.008211261,0.915178221,0.98660818,0.968191386,0.966745096,1.011788338,1.001561815,0.991179891,1.021538456,1.059575737,1.015243291,1.01422663
1.020802431,1.031247396,1.033285854,0.973380192,1.040573854,0.972627059,1.005860061,0.984308412,0.973765449,0.949970377,1.023116412,1.012699878,0.90542371,0.978815402,0.97096497,0.97296947,1.012061785,1.005028248,0.993508432,1.052114213,1.106693832,1.01434264,1.006261169
1.019266131,1.025034145,1.023307211,0.975083191,1.032248325,0.967046357,1.005426206,0.982621998,0.973775157,0.942262432,1.027317466,1.004206425,0.903068026,0.979986212,0.964811696,0.969324303,1.007448289,1.002845704,0.994590921,1.052883734,1.039890966,1.014457979,0.998426664
1.019122364,1.016713093,1.016494785,0.971339086,1.03771695,0.967630265,1.001789728,0.977058267,0.972190629,0.941892274,1.028491815,0.995672043,0.908925756,0.976966073,0.961674195,0.963016254,1.005848106,0.99499927,0.983885437,1.053006266,0.958249819,1.002840944,0.999057261
1.028681398,1.019947781,1.027805866,0.957174759,1.03865517,0.966414343,0.995785461,0.976728515,0.973147417,0.939010399,1.012358773,1.007638324,0.896332116,0.972011236,0.960778316,0.959830733,0.999365292,0.9970666,0.98556424,1.051603871,0.90964041,1.000258369,1.008071994
1.016418181,1.016895618,1.012454605,0.967698231,1.036486019,0.961350654,0.993575402,0.977122045,0.965630779,0.92895005,1.014454444,0.999471232,0.905086945,0.967356365,0.95691694,0.958081585,0.999006639,0.987415607,0.975007723,1.044734675,0.883654704,1.010208589,0.997206774
1.018065913,1.019553064,1.023043813,0.966478429,1.086050289,0.955937084,0.991591091,0.976813184,0.965529933,0.932350107,1.017153371,0.98984936,0.901271982,0.963232806,0.94995939,0.949828113,0.996301067,0.985097052,0.973588524,1.038847232,0.870677201,0.997456042,0.997334603
1.023727079,1.022223408,1.014796649,0.9628537,1.050165368,0.946175609,0.987452962,0.974892085,0.963546263,0.928943177,1.0207682,0.996780449,0.898248067,0.968066474,0.948310607,0.949306064,0.994933865,0.992071886,0.97825687,1.05070945,0.859871567,0.9934488,1.003510803
1.020160942,1.019949543,1.028442584,0.954099877,1.006938058,0.954555691,0.991413056,0.972543749,0.964502408,0.928305282,1.017882476,0.993690258,0.888605487,0.962880335,0.943571407,0.947558332,1.000797658,0.996157241,0.971241288,1.055768768,0.849177889,0.995149329,1.007722195
1.016157822,1.014882097,1.022348997,0.950471288,0.983623877,0.954145919,0.973906406,0.973265964,0.963204791,0.920940806,1.007530226,0.992702376,0.889154213,0.963222688,0.944506744,0.940601973,0.999389905,0.992528967,0.977246534,1.050626949,0.848398017,0.999812582,1.004694196
1.017922509,1.011552854,1.01581552,0.962672876,0.972174387,0.968431966,0.97756947,0.970368059,0.959929219,0.920569366,1.018043652,0.994768248,0.901895119,0.953396423,0.938016956,0.945432483,0.99214826,0.984430031,0.970641944,1.056299384,0.847039754,0.996796215,0.997065129
1.017728596,1.017346805,1.013460658,0.958475487,0.957294141,0.970215456,0.979757468,0.970973856,0.958705303,0.918126951,1.01326708,0.993011567,0.906442139,0.956876047,0.940323322,0.941787347,0.989882956,0.979465027,0.972979639,1.045266894,0.852732368,1.001461951,0.992576344
1.012021698,1.004617711,1.010716929,0.944880947,0.94943351,0.954954933,0.974198132,0.959432082,0.950676685,0.909043829,1.010164717,0.983037599,0.898639901,0.952801485,0.931996473,0.939669104,0.98853778,0.978617257,0.970934254,1.038708698,0.847998488,0.989936258,0.990163033
1.012544434,1.007215371,1.011583639,0.944517542,0.953356243,0.954471886,0.972963835,0.950146576,0.953138362,0.909543276,0.994553792,0.978800048,0.908962043,0.949239971,0.943732497,0.935565469,0.987876914,0.967315626,0.960762256,1.041961485,0.852204374,0.999010118,0.992935704
1.00688608,1.008434781,1.012825421,0.935585077,0.953577583,0.948472018,0.967993297,0.950787062,0.955299507,0.902066276,0.998656636,0.981917381,0.892798622,0.948484502,0.935000129,0.937391074,0.992411416,0.972336179,0.956154735,1.027463155,0.852681895,0.989082846,0.995756138
1.007638396,1.002717679,1.019483626,0.936554162,0.952332742,0.939610957,0.970507439,0.955905156,0.956937751,0.90284572,1.000566791,0.976672297,0.896544487,0.944252147,0.938227365,0.935651729,0.988753206,0.97486069,0.962768542,1.060776076,0.857077245,0.988737264,0.996231784
1.011458532,0.998752776,1.011498999,0.927654585,0.953523672,0.946414108,0.959582589,0.951285882,0.955497522,0.896278432,0.987814635,0.974793519,0.888626306,0.939841553,0.926363751,0.932066334,0.983941132,0.967401422,0.950543675,1.029513126,0.855085609,0.982600678,0.99652803
1.001373945,1.007385915,1.010678966,0.928118884,0.948957864,0.937975047,0.951427484,0.943519079,0.949910888,0.892957655,0.992522302,0.972432585,0.941209918,0.940810819,0.924957973,0.92643783,0.977601557,0.964520311,0.951396975,1.024170801,0.866084293,0.978963896,0.988951916
1.014162388,1.004272518,1.007417312,0.939495838,0.950637575,0.933748906,0.963596679,0.954375839,0.950526718,0.896278011,0.990171522,0.974839688,0.931891515,0.945431219,0.921348826,0.927706572,0.982645367,0.965351121,0.951097952,1.033272184,0.868835197,0.983181158,0.988242012
1.00931871,1.000954011,1.008937061,0.921545717,0.95416196,0.939909272,0.963614351,0.978390154,0.950530268,0.894376362,0.990447052,0.967205504,0.928405099,0.934271864,0.915784516,0.929422171,0.980522858,0.965914668,0.947746049,1.028987153,0.874130467,0.981290864,0.990448292
1.008014754,0.999656563,1.00769956,0.919880994,0.946691661,0.92688528,0.949692926,0.972545991,0.951511588,0.8848005,1.00101639,0.96490949,0.929860395,0.937536857,0.920457322,0.928006441,0.978110928,0.958585134,0.947089449,1.031548034,0.874585979,0.979422764,0.989677835
1.014806086,0.999693866,1.006749989,0.908421334,0.950298846,0.926603167,0.954789068,0.971719155,0.955043832,0.885755086,0.98342879,0.965811771,0.923119204,0.93099011,0.917361318,0.923575006,0.973470562,0.963208276,0.947313688,1.020962885,0.87962589,0.971979916,0.983277546
1.003074274,0.986966518,0.997479196,0.923747455,0.95279006,0.927506225,0.955457345,0.968449388,0.949474827,0.880154068,0.993236509,0.96905242,0.932106903,0.936826453,0.920160076,0.926592963,0.971254853,0.954528041,0.945573923,1.040838439,0.878527949,0.973313403,0.979702028
1.009819961,0.995405418,1.001703554,0.916752539,0.956510299,0.919259695,0.939278508,0.962986434,0.951716426,0.884447704,0.985522104,0.960607856,0.926344547,0.937542255,0.921736488,0.921408942,0.974013882,0.953935294,0.941758014,1.043805857,0.894216991,0.980128245,0.974206538
1.003359566,0.990849006,0.997244091,0.914178832,0.948689303,0.911123388,0.943427129,0.960561981,0.948981523,0.878938926,0.992301515,0.95202063,0.929573321,0.927158432,0.922446277,0.920108879,0.970506879,0.953534494,0.942352927,1.027389804,0.883688144,0.975113013,0.969541648
1.003439399,0.990015709,1.00933424,0.909042851,0.950359066,0.904526563,0.936474476,0.953096574,0.948135282,0.871447395,0.985554751,0.951695822,0.925233748,0.924788616,0.91354355,0.917148925,0.964279367,0.947791189,0.932594881,1.03363215,0.887769227,0.974106326,0.971565113
0.995855284,0.984811187,0.986190309,0.910503894,0.953837731,0.908078233,0.936574674,0.949690235,0.944170486,0.877761859,0.9865637,0.950462923,0.928472955,0.925346811,0.912707554,0.922314065,0.968591152,0.947978346,0.935458978,1.011691582,0.883301977,0.965702572,0.960167212
1.003771568,0.991613617,1.002846386,0.902933948,0.953596091,0.911875325,0.941474266,0.949808183,0.945876918,0.87437291,0.984086232,0.956373659,0.918188943,0.92170461,0.915015521,0.916170844,0.963028277,0.946302536,0.938007603,1.047800553,0.886853769,0.97063517,0.970478046
0.997181205,0.985226439,1.005389931,0.906078933,0.955197956,0.905360272,0.937423492,0.945369633,0.947261823,0.865889376,0.980770708,0.953182047,0.918017469,0.922889303,0.919456904,0.915568911,0.964778921,0.94200823,0.92862732,1.035142746,0.883591838,0.968497936,0.969722063
1.000196774,0.985340948,0.993724357,0.904748957,0.956161994,0.902123543,0.941490922,0.946917916,0.949975014,0.864792622,0.978917048,0.942607428,0.92485001,0.920679914,0.912718857,0.918301875,0.9615054,0.937853443,0.931433753,1.041482765,0.895784763,0.967589206,0.958538291
0.99732747,0.994671257,1.006025457,0.890050942,0.952307738,0.902661207,0.938283573,0.937393519,0.948376506,0.868276479,0.980969036,0.952994386,0.914056533,0.913465052,0.917618483,0.908053462,0.956810387,0.936542606,0.932257422,1.036949894,0.907000246,0.963218835,0.963343117
0.99555948,0.980179054,0.991421692,0.901332634,0.950408845,0.900539503,0.933915203,0.934285106,0.944869391,0.911675545,0.983293272,0.94884043,0.925394443,0.911187789,0.910174866,0.907332983,0.952562592,0.928030104,0.920863274,1.019209876,0.89506686,0.960420715,0.958323252
0.994892892,0.986736054,0.993316901,0.889705393,0.95357999,0.902615727,0.936037544,0.93801328,0.946536203,0.90294159,0.977708981,0.947468822,0.925819505,0.912651237,0.909976453,0.902067155,0.948360499,0.931131871,0.920875535,1.037911281,0.888600975,0.961861643,0.958246577
0.994730407,0.985021512,1.001616893,0.885329625,0.95762462,0.897457977,0.935309335,0.931239701,0.948197453,0.894696908,0.981337365,0.948310755,0.914303889,0.909449102,0.90470583,0.901281007,0.94738083,0.928820268,0.924028431,1.052084013,0.891444892,0.968392957,0.962593445
0.991034264,0.97419765,0.986324932,0.885430977,0.960273878,0.896308587,0.93634594,0.943531724,0.943802361,0.896031722,0.985757799,0.935220626,0.932997644,0.910719558,0.899058728,0.898508016,0.950591172,0.919183683,0.916327344,1.007876335,0.884598872,0.958119599,0.952662231
0.987590377,0.97050139,0.986401096,0.877461751,0.95741528,0.894209545,0.934984472,0.949330681,0.947944427,0.884004637,0.975220003,0.939573187,0.925473492,0.908719396,0.902511883,0.896152179,0.945957428,0.918221678,0.918111228,1.033113111,0.875958387,0.947336079,0.952100665
0.988198674,0.965359089,0.988091546,0.8697378,0.957391496,0.891384287,0.92836387,0.93833836,0.941024469,0.878231956,0.975551865,0.945499107,0.935572591,0.901325812,0.899027372,0.88989385,0.94355767,0.912321384,0.902828093,1.010752687,0.871598141,0.956136676,0.952350655
1.002369949,0.975862013,0.986340546,0.865079395,0.960787927,0.891798914,0.929507067,0.931860881,0.942648251,0.875047239,0.988293368,0.95699086,1.014220287,0.898772063,0.897197214,0.8864472,0.938219629,0.912703576,0.909418732,1.018402363,0.869876282,0.951061893,0.952822048
0.981077511,0.976738839,0.989595242,0.86115512,0.956349552,0.881969789,0.931564519,0.931740848,0.943435839,0.86741543,0.961907791,0.94702263,0.993035673,0.899297497,0.891878193,0.917810058,0.957601076,0.902097631,0.909772479,1.037240707,0.857503823,0.949356312,0.94699008
0.985678225,0.967693249,0.995817022,0.851581256,0.958445379,0.884515598,0.930655658,0.932201183,0.946372419,0.859623782,0.964839816,0.940847384,0.969943713,0.889966203,0.888599664,0.916195393,0.950360714,0.89931869,0.912022885,1.037323606,0.859207997,0.949123216,0.952939594
0.989904502,0.970074468,0.99274143,0.859848828,0.956296156,0.885540523,0.921887553,0.931982184,0.944165507,0.864210468,0.962598203,0.935671934,0.969453698,0.892520279,0.894281276,0.907146985,0.942736114,0.897989804,0.906773151,1.037379309,0.857481442,0.946743838,0.948531146
0.979630582,0.975654909,0.989914713,0.848415004,0.954911896,0.881158342,0.921699304,0.93310476,0.943427852,0.85374707,0.971746225,0.943760806,0.958870089,0.889020669,0.891184505,0.903403496,0.938082812,0.893558845,0.900997227,1.024778539,0.849205776,0.946533692,0.948459631
0.980148243,0.967219217,0.990274128,0.84561196,0.958094003,0.879961352,0.919898289,0.929916462,0.941752968,0.853066711,0.959430212,0.932272823,0.953234553,0.893276545,0.882228339,0.892833971,0.930440555,0.885451708,0.903773751,1.032544188,0.854874151,0.937510099,0.940295294
0.977878078,0.961035092,0.960483863,0.840999793,0.953420422,0.881973522,0.913742905,0.925022949,0.93664488,0.848328632,0.987747426,0.930142812,0.960106799,0.882267703,0.87852913,0.889894063,0.935562602,0.878027662,0.896319242,0.996367593,0.842128063,0.934822812,0.941316009
0.968718006,0.961483768,0.976883908,0.829391492,0.953282184,0.877516372,0.913896722,0.924971705,0.940596212,0.850327426,0.975104339,0.93275365,0.94813607,0.883878379,0.865644745,0.885771498,0.931871589,0.877434517,0.893946997,1.004956076,0.845427357,0.931551282,0.94104351
0.97047702,0.958036066,0.976212352,0.828482353,0.948367267,0.873377553,0.915323648,0.922170011,0.936946793,0.840168609,0.971623185,0.922966248,0.939403029,0.877698383,0.872174351,0.886379959,0.934757815,0.872214211,0.887571601,1.01761514,0.840027092,0.92627564,0.941677587
0.97823337,0.963170479,0.966323953,0.828127514,0.946559964,0.871403431,0.917928246,0.917206867,0.932255886,0.837791638,0.979448679,0.91754373,0.945553104,0.87633771,0.876658647,0.880402301,0.922717922,0.864632529,0.889614983,1.000695742,0.845677008,0.922724486,0.927763513
0.967175384,0.967565631,0.976084226,0.826483172,0.954009191,0.872128379,0.913399287,0.92200728,0.934664901,0.834784851,0.967594206,0.917403802,0.935320959,0.869134137,0.869020347,0.873293169,0.921749706,0.863069852,0.891655415,1.014808579,0.843227721,0.934507504,0.929737532
0.966196252,0.95922032,0.957810778,0.823549188,0.954323261,0.871210883,0.914113727,0.913908487,0.929441411,0.832285472,0.975086652,0.925771966,0.936430917,0.869017825,0.861635792,0.865681269,0.911654558,0.856065694,0.881917899,0.997414606,0.842053258,0.923561423,0.921611464
0.967645137,0.954894949,0.972891326,0.821166359,0.950099436,0.867643506,0.909406327,0.914500389,0.928033943,0.822210367,0.963008804,0.921514603,0.924024363,0.867805031,0.861741562,0.863539897,0.912785328,0.856310441,0.893993092,1.018852913,0.836939471,0.923594573,0.92705502
0.965465989,0.957476872,0.97672999,0.805744251,0.950929176,0.866051136,0.899257092,0.909138109,0.929693306,0.817470842,0.965154346,0.920248717,0.912650301,0.862193445,0.860336704,0.860783714,0.911795681,0.854515468,0.891848941,1.01022531,0.837988262,0.918273652,0.926199088
0.968182823,0.952018165,0.96257421,0.822175566,0.95042865,0.85957058,0.90000078,0.913382695,0.926707649,0.815512675,0.96272476,0.916159993,0.924968342,0.864066043,0.856626568,0.857016421,0.908665693,0.849109577,0.878928874,1.007946172,0.839013309,0.923274965,0.917949629
0.955184624,0.94353182,0.962561473,0.811887108,0.950095976,0.859154533,0.905182659,0.914390843,0.922404272,0.81098101,0.966592223,0.923785014,0.921613565,0.859057464,0.849356039,0.851765255,0.901184248,0.84340105,0.878478036,0.992741592,0.836548872,0.916512447,0.921587503
0.968476691,0.948813238,0.967241237,0.807019749,0.950325556,0.861990129,0.901648892,0.906269342,0.923204946,0.808288821,0.96573973,0.912689223,0.910975841,0.865136863,0.852924314,0.847375543,0.896773321,0.844955089,0.87306402,1.011592278,0.843228518,0.911069484,0.923937965
0.959535436,0.943615562,0.961099866,0.815852493,0.950088068,0.851691289,0.899864842,0.905604654,0.920022494,0.803513513,0.957916398,0.907552865,0.912512936,0.856641638,0.850258778,0.844618338,0.886087055,0.839046792,0.876824073,1.011342658,0.834031491,0.916143337,0.906737618
0.947985372,0.937915311,0.962655991,0.805499572,0.949469875,0.857150461,0.894359724,0.906367049,0.924084407,0.798225235,0.949106257,0.911263083,0.900999963,0.860077762,0.843567338,0.844852751,0.885366917,0.836478949,0.875898953,1.003392223,0.844392982,0.911950622,0.913721877
0.950865384,0.944905914,0.953779251,0.806447789,0.943528081,0.847703255,0.895691145,0.902660618,0.919335918,0.800222943,0.956593935,0.909455136,0.912697014,0.84971511,0.836570545,0.836494592,0.884580003,0.83172645,0.869083711,0.983260614,0.841225575,0.92056485,0.906051258
0.951211454,0.948827624,0.951905497,0.806622791,0.942473891,0.846730135,0.88801814,0.893706301,0.913919171,0.793529866,0.954087976,0.911511917,0.908639365,0.848410973,0.83815444,0.827550323,0.882822016,0.82518031,0.863305524,0.986946265,0.840769553,0.909132154,0.900719762
0.947846624,0.940920395,0.953456027,0.798623169,0.946014597,0.845790015,0.891731105,0.891768775,0.912391826,0.793753844,0.961455794,0.898449215,0.901236504,0.84491741,0.83841606,0.826182972,0.875166657,0.821457828,0.869829043,0.983278071,0.860236482,0.902743546,0.900681027
0.952593527,0.935066054,0.948991339,0.793088172,0.945974543,0.844535081,0.887597988,0.891519885,0.912034638,0.789811856,0.958297568,0.902908436,0.900914121,0.834437815,0.827747068,0.824224701,0.879289361,0.821592545,0.86162829,0.980726342,0.852605256,0.905483772,0.903255866
0.952769277,0.93378072,0.945566083,0.798347268,0.942215109,0.839459863,0.887032382,0.882289624,0.912186016,0.784726625,0.955515351,0.89492489,0.909299505,0.840724743,0.83051827,0.811807578,0.872720792,0.819632872,0.862551582,0.988318714,0.840424302,0.902226888,0.899496747
0.946031162,0.935354513,0.948960213,0.785600699,0.95115218,0.837699968,0.878981492,0.882502721,0.908239142,0.780748503,0.938377846,0.904533335,0.892932749,0.835804985,0.824463296,0.81178307,0.864985956,0.818936118,0.857609258,0.972177378,0.840262077,0.898564357,0.904793471
0.954411902,0.939833586,0.94398733,0.789975531,0.942414758,0.83842061,0.881404321,0.875844012,0.909626567,0.778540352,0.953827943,0.894436943,0.905771409,0.832012751,0.82706371,0.806056782,0.860682594,0.815236358,0.859947509,0.980345468,0.84657102,0.90775581,0.894479106
0.949067691,0.928360186,0.937210939,0.79319919,0.942224521,0.833098649,0.880568605,0.880718304,0.907520955,0.774295753,0.949138582,0.892793541,0.902839607,0.831029543,0.819151693,0.804013575,0.85960648,0.810499684,0.85667773,0.969171323,0.837910915,0.905253448,0.892455705
0.943923704,0.926868561,0.935291961,0.791234038,0.94049655,0.825627388,0.872491996,0.881149244,0.906379824,0.767755996,0.957490677,0.898954731,0.899071215,0.828849679,0.823590747,0.800222024,0.859218886,0.812697255,0.850526858,0.979638864,0.837976727,0.894622264,0.895296851
0.954273897,0.927476736,0.940391976,0.781983205,0.945432685,0.828098866,0.877886209,0.877264271,0.900366494,0.770062584,0.947055667,0.894467789,0.891809483,0.819339998,0.815616134,0.802552183,0.853314957,0.807973824,0.852461995,0.980603978,0.836506024,0.892628189,0.901375967
0.94345703,0.930302536,0.944108081,0.782256973,0.939639474,0.824064924,0.871764429,0.875672842,0.90183648,0.766004722,0.951394615,0.891530817,0.892572881,0.822366145,0.817136119,0.792936463,0.846141716,0.806868677,0.849140344,0.980643247,0.824541383,0.897449142,0.898659088
0.946245357,0.927060844,0.946496332,0.788374341,0.945337597,0.81786689,0.879265594,0.874155047,0.90292307,0.763491011,0.945181866,0.888926322,0.900464236,0.826986269,0.816724582,0.793376594,0.846024073,0.80263795,0.848175816,0.980156922,0.833723887,0.899384278,0.893397544
0.942028377,0.916284427,0.932960677,0.78326206,0.933806088,0.814230971,0.87888485,0.86703404,0.896907364,0.762406769,0.941136338,0.885268153,0.892584246,0.813822475,0.814758987,0.78682869,0.841132416,0.801515613,0.841389312,0.978553941,0.822576914,0.89334466,0.894188287
0.952944872,0.921462335,0.933570133,0.785837058,0.938084679,0.812088875,0.88246587,0.865022101,0.896778036,0.759626041,0.93934341,0.888593403,0.900599944,0.817358244,0.809923005,0.782604773,0.831634911,0.799090434,0.846810791,0.984566808,0.828398745,0.890789528,0.888393615
0.944520516,0.914644958,0.942655125,0.780594786,0.939542807,0.813786901,0.876103287,0.863607804,0.898193316,0.758382443,0.9489831,0.887176602,0.89460906,0.813162738,0.803141301,0.783676508,0.841365908,0.799658873,0.844323791,0.970265659,0.8252752,0.884875818,0.885641058
0.950943674,0.922198744,0.941709445,0.780433765,0.941024816,0.808391565,0.875463418,0.86153567,0.896842382,0.757230625,0.948851675,0.881579237,0.893073092,0.807789376,0.802250776,0.778200317,0.833221734,0.79529655,0.840395868,0.971085833,0.823550945,0.884164348,0.890398882
0.948044574,0.918309403,0.924213322,0.782714896,0.937372655,0.805487271,0.869408256,0.854613422,0.88949606,0.756316104,0.936244695,0.879367009,0.895660637,0.807745244,0.797474983,0.777711858,0.82744695,0.794251038,0.839843892,0.964656479,0.822519442,0.883589508,0.88129682
0.944273763,0.914061006,0.924776909,0.785174832,0.936393496,0.8034629,0.879014946,0.856527043,0.894961297,0.753848403,0.932234818,0.87656695,0.900210624,0.806768225,0.798431646,0.776828558,0.829733561,0.796116354,0.840490089,0.954521229,0.823398568,0.88290451,0.882504137
0.942629568,0.915080959,0.925779654,0.77987051,0.934460888,0.807471782,0.875527,0.855410075,0.891237249,0.752484368,0.928977456,0.877498367,0.889888915,0.807694992,0.805508503,0.770883724,0.826858161,0.796727875,0.841379461,0.978454321,0.82432761,0.887828993,0.879715815
0.942304997,0.915309616,0.913504599,0.77133557,0.933437853,0.802444423,0.864955309,0.851713147,0.884685384,0.751728507,0.929234186,0.877274346,0.891144626,0.799333662,0.793989027,0.764086011,0.827378731,0.784931469,0.835204406,0.946904949,0.816820633,0.876139602,0.878023491
0.948908866,0.920788514,0.918734533,0.778781197,0.931910724,0.802948623,0.868620545,0.853008975,0.889287834,0.745853688,0.926026974,0.871372445,0.902828199,0.796799703,0.795610286,0.764936603,0.824228128,0.78696652,0.835164405,0.952916773,0.816641746,0.880723213,0.874061714
0.938588534,0.913453795,0.918244735,0.778084288,0.932684493,0.794943689,0.866203451,0.852259861,0.885727761,0.744687597,0.920404359,0.875364255,0.912052826,0.795800404,0.790944336,0.765327331,0.824348712,0.784333574,0.837210065,0.959881093,0.819487988,0.877955469,0.871487453
0.931799123,0.905950035,0.908742964,0.778380859,0.931040441,0.796351247,0.868380271,0.848016007,0.885912082,0.744833628,0.936626006,0.879171522,0.908194268,0.794962357,0.791547266,0.760896094,0.822970653,0.784962155,0.824453069,0.939310733,0.81736082,0.876956178,0.871481847
0.937313181,0.905323653,0.907054424,0.771840282,0.932659655,0.793008193,0.860841524,0.849673328,0.881827437,0.745212477,0.939943623,0.876041818,0.908785074,0.795662332,0.785873807,0.757926501,0.814658929,0.783795246,0.8257829,0.944435605,0.812235773,0.869887663,0.869897458
0.933229049,0.898792533,0.911929441,0.763628574,0.92328259,0.793792329,0.862224621,0.854819014,0.889309241,0.737891352,0.924877087,0.864088664,0.899007553,0.793202876,0.788711149,0.754348768,0.810437955,0.786717701,0.837173484,0.962595012,0.816233116,0.875694257,0.876945666
0.937558452,0.900243315,0.904327664,0.770637733,0.917898805,0.783626064,0.862981544,0.856377518,0.877346037,0.736295009,0.936075037,0.864109375,0.908783902,0.787713782,0.780092165,0.753018345,0.808844006,0.777449137,0.827877867,0.931178458,0.809452247,0.866249975,0.863541624
0.942969362,0.909042663,0.916821371,0.770415607,0.925741614,0.785736534,0.864860066,0.859699637,0.880576535,0.791990878,0.929604583,0.871228242,0.90036553,0.792455881,0.789388142,0.748450728,0.809049589,0.783977253,0.831889199,0.97363539,0.809650539,0.87080815,0.872097814
0.936868464,0.898260686,0.902919121,0.775418921,0.926775113,0.779032704,0.858638316,0.857431409,0.880800586,0.787211616,0.933072825,0.872393266,0.902834857,0.789825812,0.782482427,0.753369167,0.81295822,0.783772793,0.827571177,0.966609975,0.806824021,0.87209819,0.865204731
0.941364885,0.902873343,0.907267907,0.767970331,0.923979418,0.782755658,0.865850348,0.855415281,0.879669944,0.774514951,0.921340896,0.868092874,0.891138638,0.787074374,0.782720088,0.748330854,0.80623439,0.783074438,0.829318368,0.974079085,0.805072277,0.864560924,0.872743631
0.943777796,0.899699658,0.897426986,0.764685232,0.924391044,0.775792508,0.859706282,0.849700398,0.876426668,0.772592321,0.93461096,0.866154289,0.903293718,0.780996208,0.775725097,0.752312744,0.805675511,0.777316798,0.824669931,0.935539997,0.808450313,0.865409047,0.872144068
0.935673185,0.907769069,0.905644659,0.764710473,0.925246633,0.776562344,0.857581045,0.850653443,0.879664998,0.762432333,0.927125014,0.864387644,0.895148813,0.781023776,0.785929853,0.747683144,0.803917456,0.781980705,0.827290558,0.966541569,0.802476707,0.865772692,0.866583159
0.945768197,0.897567288,0.905374814,0.767003397,0.914721561,0.77118745,0.855393478,0.840776768,0.875410041,0.756542555,0.914363172,0.85967338,0.89664973,0.782121306,0.782010415,0.742525225,0.795023203,0.782893714,0.826305452,0.962362405,0.804963336,0.868581451,0.871294682
0.939309793,0.894846608,0.903541823,0.757384499,0.921344581,0.771565838,0.849484156,0.841383852,0.877447261,0.755886713,0.918947583,0.851097922,0.891673632,0.777025025,0.770383168,0.737635689,0.796895929,0.782967519,0.82151638,0.949747176,0.802409999,0.865202458,0.876199778
0.945797435,0.906718237,0.905695808,0.76241242,0.921449378,0.771341572,0.85492199,0.846777423,0.874662632,0.752245167,0.924501801,0.86228873,0.890356757,0.778364053,0.773862924,0.739913075,0.793268629,0.782910644,0.825879899,0.955157126,0.803073547,0.869090259,0.874738212
0.932011219,0.899827908,0.896934477,0.759119929,0.921077426,0.766561015,0.852619907,0.84425928,0.878065247,0.749595348,0.918043041,0.847755111,0.888424775,0.770726861,0.769339531,0.736908939,0.799205893,0.777684865,0.816278948,0.940510636,0.799648518,0.859179561,0.873545266
0.931965507,0.898508925,0.889369058,0.752598695,0.913722712,0.766890007,0.848622276,0.839682413,0.880334638,0.746821691,0.915860392,0.851506081,0.891023425,0.767491075,0.767419285,0.730965172,0.790115426,0.774860331,0.820035467,0.932071647,0.794493096,0.853219732,0.869279306
0.94549025,0.894782305,0.88963428,0.760137535,0.918692936,0.759128916,0.851848433,0.83772471,0.876014731,0.740261423,0.916856538,0.859356359,0.891167723,0.763069048,0.765148843,0.727188606,0.789027917,0.77839333,0.826001741,0.939840376,0.804790286,0.859219352,0.866405789
0.941577406,0.894231884,0.887514459,0.754975608,0.914293512,0.763189158,0.838925372,0.836726039,0.873051934,0.738450475,0.909838704,0.849258111,0.883591589,0.761091647,0.760430698,0.726881376,0.790485658,0.775324643,0.822560441,0.941349239,0.796885361,0.860573006,0.866581122
0.941707539,0.893235889,0.882609926,0.756847552,0.915164949,0.755313109,0.851029155,0.837276384,0.877261023,0.736721894,0.91515532,0.844950442,0.890511775,0.758424382,0.760007816,0.726056006,0.795854066,0.774719839,0.820470736,0.929849873,0.796853025,0.863844504,0.858210349
0.943127016,0.902117363,0.887468801,0.758008536,0.907689163,0.759689782,0.848723018,0.832755446,0.873147862,0.733374369,0.908019618,0.848674044,0.884450193,0.764614903,0.761250597,0.730103772,0.784837083,0.774174475,0.823914078,0.950601933,0.798780188,0.86853751,0.86120459
0.94476282,0.899562773,0.888100447,0.753496138,0.912717126,0.752072735,0.842499788,0.834805738,0.874951654,0.728987299,0.914566778,0.849754151,0.881082844,0.759612831,0.765073131,0.723465953,0.78914537,0.775939322,0.822543034,0.949493224,0.795112737,0.864074369,0.864755066
0.947722808,0.898848214,0.889456769,0.759629035,0.910784551,0.756887405,0.84402465,0.836429227,0.874605986,0.726057188,0.911066154,0.842539172,0.889611839,0.757578151,0.760828032,0.724039524,0.784747905,0.773018489,0.824486344,0.943137702,0.797647035,0.860704374,0.856204625
0.948088721,0.897053511,0.880537441,0.762131651,0.90709316,0.750692022,0.848767885,0.83673396,0.869617795,0.721718571,0.902064908,0.841741817,0.89321411,0.757674675,0.758830548,0.725170001,0.783174019,0.773839253,0.820353769,0.943722701,0.790951771,0.863976382,0.851514516
0.953546467,0.899663259,0.880444684,0.762993824,0.907789264,0.752122031,0.845471866,0.834502049,0.871109368,0.72032755,0.905658706,0.837892822,0.892197556,0.751115111,0.757127585,0.721665956,0.77517237,0.772113864,0.823883576,0.940650173,0.792448885,0.866152235,0.860415485
0.944119692,0.894884238,0.881364504,0.755568852,0.912957564,0.755364784,0.840855351,0.837085078,0.872108998,0.717871403,0.898961703,0.851025383,0.881977014,0.751374426,0.757270209,0.718630262,0.781154448,0.773292707,0.826590021,0.927454573,0.78421304,0.857911886,0.859437701
0.943445513,0.892345566,0.878188155,0.75125523,0.910166827,0.750551532,0.835379019,0.832903929,0.87061118,0.716037212,0.893235877,0.840789756,0.884682561,0.749165556,0.748387755,0.720485178,0.783670972,0.774942784,0.823080357,0.93649218,0.788571239,0.850180333,0.858682305
0.944918998,0.887415095,0.877544741,0.758739881,0.90567782,0.750992629,0.839727541,0.83672217,0.8659263,0.71391627,0.90205762,0.839610929,0.88180771,0.750271798,0.753928568,0.719568286,0.779980393,0.77723289,0.822825087,0.942195204,0.796688082,0.862173785,0.855186145
0.946772393,0.883151761,0.871109716,0.756480276,0.906066061,0.74514288,0.842372034,0.829516457,0.870075061,0.711021478,0.90376673,0.840170525,0.891348336,0.747918521,0.749685387,0.715859283,0.778815066,0.768634701,0.81803783,0.927194077,0.796824069,0.859945015,0.85179259
0.952010502,0.89089812,0.862935916,0.757485661,0.912042349,0.746093835,0.839600372,0.830028321,0.866743593,0.710765026,0.889569571,0.840539142,0.891535858,0.748986303,0.748010512,0.716992315,0.778800907,0.773600731,0.818671578,0.921006532,0.794687263,0.858601272,0.848875575
0.941524068,0.883964268,0.872125429,0.758779785,0.903909315,0.742780318,0.841616935,0.825836823,0.864408576,0.70118772,1.009523004,0.836016173,0.887033728,0.74791078,0.751467513,0.710984902,0.774159481,0.770369464,0.828354748,0.937755855,0.792047182,0.861312891,0.845635851
0.941083821,0.882651069,0.867442432,0.756118615,0.904579083,0.741010125,0.841687538,0.828887666,0.865844458,0.703911924,1.000900781,0.831670777,0.881648869,0.745019999,0.745474583,0.711424529,0.776571738,0.771974787,0.828055244,0.939462929,0.797570661,0.857007591,0.84933643
0.950356459,0.891965523,0.870431628,0.752871934,0.904685531,0.741334384,0.834211416,0.830018633,0.86515132,0.701201224,0.996728535,0.838907272,0.878971664,0.741779208,0.749750757,0.709220889,0.780520042,0.770152952,0.82581198,0.949015307,0.790760571,0.854439702,0.853518844
0.948487396,0.881917483,0.860281221,0.759953309,0.907914697,0.745210558,0.83409389,0.824330274,0.866799522,0.701801903,0.991648518,0.830583479,0.885608142,0.73989234,0.74406177,0.70708326,0.775529776,0.77228741,0.824330892,0.917580243,0.793347967,0.850261851,0.84523681
0.95603893,0.880494301,0.873583296,0.750500972,0.903334411,0.740509963,0.83051903,0.824687504,0.866120887,0.696058169,0.970664679,0.824310054,0.881376547,0.740719604,0.744939267,0.709417208,0.775594779,0.76590562,0.822281663,0.934386445,0.793627613,0.852323642,0.851635029
0.942353131,0.876720881,0.85766439,0.755190151,0.903089081,0.73103755,0.825715352,0.818281093,0.865543328,0.696421955,0.963854447,0.830569995,0.889728616,0.738791,0.740055766,0.705246124,0.777991818,0.771312901,0.827480174,0.917016547,0.794523667,0.853570628,0.842796229
0.947416781,0.882650226,0.861821401,0.762509828,0.899578308,0.735150535,0.829807794,0.81958593,0.864186584,0.696782142,0.959731463,0.83103921,0.895558786,0.739390156,0.74557164,0.702452316,0.773173938,0.772666411,0.830234303,0.931733295,0.787383498,0.858789915,0.849156945
0.93911657,0.882223947,0.857331979,0.750571007,0.895720559,0.735141642,0.824230346,0.818113305,0.863594315,0.6972375,0.954461538,0.822937778,0.885875356,0.736866148,0.742084114,0.706516933,0.774356772,0.767156503,0.832922695,0.919154215,0.792299198,0.853233994,0.847147818
0.954421874,0.885138313,0.861628476,0.760888644,0.898975725,0.737926091,0.824066894,0.816686358,0.868119096,0.696352376,0.953399278,0.821035061,0.888288152,0.735756113,0.739086857,0.698953854,0.778512042,0.76577089,0.828736103,0.937198234,0.790352786,0.856648447,0.849281533
0.939428482,0.874321196,0.854223978,0.755673769,0.887888086,0.730889725,0.820825677,0.816302289,0.864138808,0.693227084,0.946730319,0.823625292,0.888328417,0.735827828,0.740230731,0.700773793,0.771227985,0.775336553,0.829496223,0.937270111,0.788630274,0.860036097,0.84638963
0.948337403,0.883294368,0.860771594,0.7641384,0.895539281,0.73393514,0.822066762,0.817560685,0.865270216,0.691337412,0.929219474,0.822220018,0.884054768,0.733598981,0.737007328,0.699958207,0.770854107,0.772528352,0.823801857,0.917253034,0.784592886,0.859811311,0.849493049
0.945624256,0.868047516,0.851428889,0.763114213,0.899743431,0.729754672,0.816682851,0.821640346,0.865909903,0.691321873,0.911998047,0.819282759,0.88329451,0.736955795,0.747564474,0.705370519,0.769961024,0.770788169,0.830311527,0.946394813,0.790513295,0.858582345,0.844493428
0.951524116,0.876781173,0.852197222,0.768329629,0.894730315,0.728031439,0.820444626,0.821878301,0.863370168,0.6897442,0.921345244,0.826188665,0.884668231,0.739120133,0.744482665,0.701543937,0.772246811,0.770297642,0.828848769,0.934455507,0.792724326,0.85865357,0.846507798
0.951994282,0.873140535,0.847625501,0.763371655,0.891246145,0.723468412,0.817298356,0.819456422,0.862751554,0.686997518,0.909457557,0.828202126,0.887352065,0.729843966,0.735980305,0.702730174,0.772012483,0.765643233,0.831588501,0.916063348,0.788629944,0.856217305,0.847165022
0.963088417,0.881545358,0.862573632,0.76212419,0.894042736,0.726124124,0.820257267,0.817807028,0.860250604,0.685040635,0.902699981,0.820329103,0.877615412,0.740649904,0.748076252,0.698121008,0.765796322,0.770449588,0.833713052,0.944229807,0.790619076,0.861967445,0.854146876
0.956762051,0.868175272,0.845814673,0.763596238,0.895249225,0.723488731,0.817620805,0.812705371,0.85966694,0.690977318,0.901281401,0.823491906,0.883740508,0.733824351,0.745107595,0.69755151,0.769648061,0.769213739,0.826398728,0.93437633,0.787873816,0.862321139,0.845631533
0.957113721,0.873423334,0.844453386,0.761977568,0.887852991,0.723410806,0.80975852,0.813438908,0.862979102,0.686600034,0.889865117,0.815636371,0.882940567,0.733866336,0.740638473,0.698598703,0.772437221,0.769632458,0.830693905,0.935348823,0.789091192,0.856830534,0.849794097
0.955347712,0.874186092,0.855747515,0.762246174,0.896818683,0.723018247,0.819139818,0.822110698,0.865886793,0.687306295,0.894474008,0.824564494,0.874180569,0.738912803,0.746263136,0.699318315,0.769341371,0.775566106,0.842666724,0.952925213,0.791085085,0.858320596,0.855450556
0.951599483,0.87919016,0.841351573,0.767503385,0.893652606,0.721330081,0.817029373,0.813448447,0.867379132,0.68970946,0.88093864,0.825745409,0.879403742,0.73738405,0.743269989,0.697456188,0.765196192,0.773247213,0.84634876,0.942717693,0.796686442,0.858893462,0.849686971
0.948367268,0.880574495,0.859128009,0.75749927,0.896742707,0.721510776,0.824107917,0.812058891,0.867863166,0.687655706,0.88136946,0.821067785,0.876211531,0.734664008,0.744566788,0.701620053,0.769867652,0.773659739,0.838696281,0.922096045,0.798132976,0.852856934,0.855416128
0.955988663,0.87553979,0.844879713,0.766987602,0.887328245,0.717567055,0.807875782,0.811536412,0.861860396,0.68229277,0.869931083,0.811791317,0.880530732,0.731292029,0.744048294,0.696328341,0.769546169,0.768166504,0.839210621,0.928147842,0.789394869,0.856527029,0.847539405
0.950577331,0.875628153,0.853144945,0.761903866,0.890165601,0.718440791,0.818291268,0.808835877,0.867180824,0.684281349,0.867508331,0.811227445,0.866449647,0.734284195,0.7463337,0.691675087,0.763050733,0.766972227,0.845067613,0.943691781,0.79893814,0.853174697,0.854180048
0.956442888,0.869872449,0.855704274,0.7592703,0.893032,0.722009963,0.818740129,0.809361298,0.866624708,0.693143026,0.867100374,0.819738618,0.869773411,0.732527848,0.744117045,0.694787703,0.767863941,0.773201553,0.841132176,0.943184535,0.796343621,0.861038439,0.856498717
0.956850704,0.87419634,0.852315574,0.758157128,0.896615497,0.722463527,0.810041073,0.809248009,0.873041853,0.695975071,0.857414068,0.815729525,0.865292644,0.734699955,0.738316349,0.694973238,0.768249342,0.771483152,0.846181937,0.930847409,0.798443089,0.864788304,0.862414399
0.951988064,0.880351526,0.853744622,0.758231908,0.892259084,0.723258675,0.824010385,0.810030195,0.869973767,0.692336327,0.856262526,0.814020729,0.865326181,0.730150183,0.73938928,0.697470605,0.77158155,0.769910829,0.844743057,0.923908045,0.804383902,0.859089215,0.863337277
0.961618134,0.869524383,0.841684272,0.768095444,0.889477483,0.716382324,0.807787054,0.811250048,0.868228999,0.694378785,0.850521911,0.797657659,0.877981771,0.731568725,0.736561342,0.698096189,0.768744216,0.767037711,0.84553355,0.936419552,0.805334956,0.856444015,0.85339322
0.954363608,0.875554459,0.861424347,0.759629891,0.894655931,0.71742023,0.815057434,0.812557316,0.869510167,0.685983706,0.851112819,0.811193837,0.865744881,0.731566853,0.741678648,0.701049061,0.766949028,0.776956091,0.852046518,0.943435852,0.793085321,0.853322108,0.864910162
0.956674024,0.871211169,0.849010404,0.769053156,0.893985623,0.718881927,0.813512319,0.812540593,0.872687865,0.688347616,0.853585704,0.79641485,0.870294356,0.735813724,0.743072213,0.698169788,0.76804924,0.780972372,0.853839134,0.952829329,0.804021879,0.864621436,0.859604494
0.95456046,0.866659787,0.848533519,0.773395928,0.888982425,0.709792542,0.815278456,0.81023633,0.868379684,0.679179344,0.851212665,0.807294839,0.873154797,0.730291735,0.742363668,0.694804037,0.768582774,0.77211722,0.842835942,0.929245007,0.796113853,0.861415825,0.856167933
0.961696492,0.867996088,0.847452532,0.776251808,0.897222373,0.709592584,0.8130228,0.806906873,0.868835898,0.687430727,0.852311742,0.808707664,0.874976082,0.733783259,0.741209913,0.692364744,0.765316124,0.774511543,0.852347234,0.95038709,0.800209257,0.859742033,0.85589375
0.959368699,0.869754412,0.84357502,0.773888563,0.896497868,0.711176765,0.815937831,0.804150176,0.868064104,0.684340604,0.847975028,0.809172195,0.872816416,0.731679459,0.735043429,0.698501774,0.767402088,0.77609693,0.848343404,0.927446339,0.791489082,0.868399461,0.855670781
0.951764558,0.872475307,0.837733114,0.7739761,0.891255174,0.708290809,0.808616591,0.809348574,0.869746149,0.685711935,0.847125955,0.813374816,0.87272392,0.731719449,0.738130123,0.691182507,0.761550228,0.776784123,0.849968647,0.921092906,0.793084801,0.862089535,0.862027682
0.947631882,0.874328783,0.846124394,0.770417861,0.889226824,0.710978741,0.817526017,0.813130745,0.869606434,0.684084925,0.833855325,0.80503621,0.862819392,0.733127699,0.737030726,0.694368129,0.766662836,0.776599662,0.859362242,0.945191587,0.798504871,0.856062594,0.863490067
0.959408366,0.872248535,0.837023121,0.772025998,0.888322854,0.709550851,0.808377509,0.805141182,0.872671196,0.684190586,0.844753701,0.797313661,0.863652464,0.731986351,0.737881866,0.691565047,0.769051055,0.780138919,0.856638184,0.943620902,0.812367826,0.859682056,0.861012511
0.954844523,0.875016609,0.84603111,0.777866228,0.887848108,0.708669088,0.812925593,0.803403453,0.871250967,0.685054662,0.848717749,0.800981244,0.868118958,0.733678119,0.744656695,0.69305754,0.767716756,0.769570451,0.860796701,0.954910334,0.797852603,0.865445309,0.860614219
0.961465841,0.861339443,0.837412449,0.774844914,0.888035656,0.706691136,0.809040183,0.804428623,0.871175138,0.679431109,0.831049032,0.802324321,0.877684094,0.729294982,0.739029978,0.691527243,0.764463644,0.77270499,0.862321968,0.946389899,0.799998422,0.859323681,0.861419619
0.961266244,0.87105016,0.839458059,0.780175966,0.888597345,0.70496473,0.811774291,0.799494132,0.872480308,0.679043211,0.836503187,0.797346773,0.877698524,0.736385109,0.74270297,0.697539166,0.771545235,0.774546458,0.866883633,0.93771543,0.807680396,0.863156807,0.858320689
0.954709537,0.869865855,0.846067019,0.781720724,0.895934448,0.710111999,0.807034709,0.803666096,0.86951053,0.680746226,0.842119872,0.797072419,0.874124945,0.735026413,0.737902333,0.692671612,0.760103072,0.772289085,0.86290025,0.942832854,0.798393051,0.869363188,0.861279109
0.951375912,0.866557744,0.843646619,0.774325248,0.894437367,0.708215999,0.805873229,0.793235664,0.874286534,0.683173399,0.828077037,0.79118397,0.864101365,0.738413137,0.740070621,0.695345439,0.771320246,0.777231595,0.861093252,0.943943326,0.805133115,0.86253226,0.870118565
0.957181152,0.874524755,0.837112518,0.780320212,0.89503663,0.704783522,0.802797219,0.799296293,0.871584285,0.680603066,0.834953201,0.784627416,0.866656518,0.730966884,0.742117563,0.69551057,0.766999247,0.777925995,0.861767362,0.954976771,0.796618026,0.865925616,0.866056255
0.958519745,0.871860566,0.854859699,0.777857002,0.896464848,0.707231003,0.816252323,0.79452265,0.874016523,0.680420563,0.832171229,0.789377396,0.863232145,0.73246733,0.745046227,0.697951668,0.772708224,0.774034283,0.868719445,0.971751007,0.793337895,0.86230586,0.867513922
0.946713016,0.867226248,0.848147404,0.784769054,0.890408907,0.70388679,0.804852227,0.798371496,0.870674804,0.677836077,0.828619345,0.783594068,0.86703983,0.737605752,0.748965617,0.70217447,0.770807777,0.778311894,0.872093143,0.955766558,0.793411431,0.871387986,0.862094605
0.957775667,0.866579922,0.834015636,0.784186436,0.894011527,0.704574651,0.810506823,0.791621725,0.871440456,0.677986288,0.825936313,0.792929103,0.870720427,0.735917077,0.745101747,0.703473207,0.76400959,0.776527125,0.866189871,0.959929889,0.80222086,0.86801752,0.870244361
0.958718578,0.863389896,0.836673443,0.78234987,0.887555838,0.698765334,0.806826538,0.786018452,0.869118236,0.679409224,0.828669929,0.782129969,0.86810812,0.735102283,0.747054518,0.692930712,0.767484471,0.77062296,0.878301108,0.942761929,0.792371966,0.859411873,0.864897465
0.963278686,0.877633701,0.850431435,0.777712457,0.89187025,0.700113284,0.812717834,0.793556386,0.873972848,0.676128583,0.832725973,0.787524729,0.855951683,0.736313371,0.743917936,0.697763571,0.77095806,0.773114419,0.88116675,0.965826334,0.801484014,0.866039326,0.878618375
0.953838462,0.869087622,0.83119646,0.784360412,0.887935244,0.694576023,0.806347075,0.789393271,0.865244642,0.674525466,0.831577014,0.785925705,0.868730424,0.73230841,0.745545703,0.699908278,0.770986024,0.76922525,0.875175541,0.945372108,0.800039209,0.862729544,0.870220024
0.958243785,0.874501164,0.85651484,0.778554412,0.888248664,0.694801276,0.817795663,0.788493599,0.869821655,0.671632529,0.827557333,0.783644663,0.856054238,0.740748546,0.74378788,0.694034406,0.768170459,0.770978449,0.880325217,0.988475253,0.789475044,0.86037553,0.880955586
0.9599583,0.871977645,0.846066934,0.775962289,0.896576296,0.700775546,0.81253422,0.795019642,0.875059809,0.674336277,0.812711225,0.780971268,0.854116115,0.735410434,0.751896543,0.700135192,0.764641854,0.773753341,0.880718068,0.95441638,0.796516629,0.865564233,0.876589809
0.953555835,0.868218354,0.846460469,0.777642002,0.893439054,0.700730313,0.812323275,0.793723186,0.871866651,0.675268143,0.817002022,0.784856959,0.856526025,0.736723974,0.748583661,0.699799824,0.764276558,0.775616256,0.883933501,0.973282825,0.792254264,0.868374492,0.880959462
0.958433785,0.869893623,0.833725868,0.787052295,0.887757977,0.693396026,0.810055819,0.784141316,0.867717063,0.672390862,0.825897962,0.782216635,0.865325436,0.73636762,0.748983791,0.70002487,0.775035143,0.772008142,0.886840334,0.950858114,0.797461166,0.865719909,0.868297456
0.952655821,0.876030869,0.844831739,0.781766742,0.888162836,0.690673434,0.8095201,0.792679492,0.873116155,0.671231088,0.827838738,0.777536734,0.857129471,0.7393885,0.753983642,0.695352473,0.771379329,0.781491325,0.885407351,0.993340801,0.79847846,0.871920648,0.882128095
0.95492162,0.873517664,0.84285747,0.781730917,0.885903096,0.694482363,0.813939099,0.791229232,0.873961251,0.674112686,0.827745421,0.789251304,0.860158631,0.741595391,0.748256634,0.699723496,0.767599217,0.772589591,0.89542075,0.971060939,0.791980205,0.8655625,0.880618368
0.956386397,0.874520168,0.839851508,0.796647206,0.887949804,0.69085416,0.813908659,0.787582078,0.871838369,0.672887282,0.835895408,0.792836554,0.871103389,0.743448979,0.750104508,0.695725598,0.768289882,0.76835283,0.894134581,0.967340263,0.801670804,0.864296632,0.870609485
0.965658099,0.869346878,0.848238497,0.790363435,0.889853953,0.690822052,0.81433813,0.789640734,0.873556661,0.672706883,0.820743698,0.777858113,0.864549678,0.747609979,0.756237741,0.701331928,0.770277983,0.780491842,0.898929828,0.987169731,0.795853697,0.870127759,0.879358588
0.957599434,0.876167496,0.847394696,0.782157141,0.892972857,0.690765796,0.811622634,0.786111359,0.870648435,0.675755052,0.822342869,0.778890619,0.859690843,0.74677335,0.755288404,0.702399571,0.774493479,0.777953217,0.892744766,0.97933393,0.791397811,0.866067178,0.889688415
0.949549497,0.870884512,0.847295999,0.794330132,0.892535923,0.687382962,0.805770907,0.78754047,0.870720413,0.673910057,0.825176757,0.769417673,0.859802925,0.746363447,0.756341013,0.698143952,0.768565297,0.77204233,0.893576986,0.992710438,0.79720627,0.872666711,0.879935411
0.956188214,0.866614015,0.844872362,0.790704224,0.890753592,0.687350278,0.799234795,0.783525064,0.870241828,0.675498917,0.828386993,0.778596809,0.865933073,0.739941597,0.756138884,0.701512169,0.771559869,0.773673492,0.89735121,0.964655947,0.799513547,0.864531722,0.874256633
0.94755617,0.870858327,0.843940241,0.795238306,0.886475853,0.682477221,0.793942955,0.786730915,0.866994849,0.673868411,0.835345423,0.771822188,0.870595777,0.743707089,0.752109475,0.700914607,0.769255347,0.772101654,0.894412224,0.97929077,0.796254815,0.865504213,0.886915408
0.955230502,0.873230231,0.838600642,0.788538997,0.892448165,0.684548909,0.792003098,0.78217275,0.871790657,0.677063249,0.830407557,0.7828422,0.86533684,0.741721706,0.754132122,0.702791342,0.774307144,0.771236088,0.893254564,0.958200368,0.803243178,0.863368883,0.885655428
0.951975175,0.868755572,0.844332641,0.787451418,0.893513601,0.684469696,0.7977427,0.785027518,0.870024165,0.675125753,0.816200185,0.775075967,0.859828845,0.746978389,0.752538836,0.698902757,0.772405239,0.776327988,0.902912283,0.975673703,0.795470418,0.862958121,0.888511637
0.952935321,0.864447152,0.83647649,0.787300344,0.886115543,0.68291009,0.794581544,0.775024421,0.868981824,0.672611783,0.82013177,0.773492534,0.861340628,0.736127321,0.749992496,0.69909587,0.772928417,0.763841861,0.898655172,0.951228913,0.802154791,0.86485675,0.888430596
0.957400541,0.87018072,0.850169094,0.797323599,0.894249933,0.679286568,0.788895148,0.782867237,0.873373271,0.675342764,0.830531089,0.77136769,0.868717804,0.74484072,0.753599247,0.7010004,0.776800649,0.777444276,0.903967461,0.98051766,0.802676609,0.865567689,0.890317889
0.952355163,0.869132655,0.850765084,0.792173145,0.892137938,0.683884845,0.793553817,0.777069754,0.867063162,0.675107353,0.815071706,0.774059151,0.857377775,0.749219253,0.756517618,0.70330781,0.774933282,0.776665374,0.908085945,0.982048775,0.790939451,0.869198236,0.896153247
0.947411314,0.873387465,0.841808724,0.799488116,0.891819496,0.679779896,0.80356715,0.780256477,0.874522199,0.671403139,0.825681817,0.772208471,0.87611736,0.753110059,0.760309698,0.70275619,0.775066299,0.778014718,0.900298768,0.988931585,0.79596286,0.873050506,0.88749817
0.96303573,0.870833256,0.846236069,0.806071818,0.882896639,0.676752179,0.8016496,0.776001595,0.870583076,0.673247376,0.820750544,0.781164744,0.879205701,0.751953916,0.761635369,0.700389008,0.778580252,0.778662398,0.901374877,0.979329238,0.804145254,0.864674601,0.882061652
0.951489864,0.871247491,0.84200439,0.799335077,0.888233909,0.67770286,0.799599073,0.773899384,0.873559488,0.674783742,0.825939593,0.773900905,0.871298952,0.747488533,0.756283609,0.700860441,0.778081597,0.777606189,0.909993817,0.980223759,0.807390773,0.864730292,0.888811502
0.958092144,0.868044649,0.856938327,0.79587919,0.892888967,0.674976759,0.798988578,0.779251416,0.870110225,0.670603666,0.820711713,0.770123643,0.867625023,0.74791733,0.759127706,0.699138874,0.777734396,0.77355045,0.913774032,1.008561292,0.792255027,0.872200388,0.896217855
0.957999326,0.871453262,0.843060265,0.804127776,0.88747116,0.667049035,0.800690331,0.775954865,0.871378977,0.673314405,0.821295222,0.765996906,0.880894791,0.744065532,0.76061867,0.700099971,0.781831872,0.779719487,0.918914154,0.978255662,0.804293623,0.868128543,0.894138307
0.959563308,0.870430612,0.843860063,0.805873344,0.888442126,0.668569991,0.80067879,0.778220164,0.872023579,0.674605899,0.831894954,0.776227282,0.878238841,0.751914263,0.768854496,0.70377443,0.778775019,0.776617897,0.914830841,0.999553574,0.804145407,0.870295638,0.890744768
0.957752168,0.86924064,0.855234348,0.807269243,0.891128229,0.675603988,0.798556492,0.775247495,0.870886274,0.675552286,0.827332038,0.763108883,0.876351362,0.758556767,0.761178724,0.695657095,0.777926495,0.777955482,0.912733033,0.99825434,0.796632169,0.868162771,0.883912817
0.964940688,0.874041611,0.859077556,0.80295555,0.887796104,0.669289824,0.802889727,0.778122154,0.86626209,0.672295003,0.815902251,0.777274244,0.869406803,0.755296757,0.767547849,0.699400476,0.777050435,0.775961904,0.916247201,1.01057834,0.796242272,0.873708273,0.895139863
0.960828055,0.87348034,0.852006198,0.799672859,0.884526467,0.670675365,0.811026407,0.769816454,0.868244352,0.673430375,0.815404344,0.766997533,0.867977177,0.75051278,0.762606764,0.702548953,0.787024989,0.773453355,0.917581276,0.983776537,0.799507973,0.87459644,0.896656853
0.959841125,0.872117278,0.853201852,0.80575424,0.888344998,0.664108626,0.804096286,0.767748223,0.872096804,0.675314209,0.816834358,0.76699994,0.864737469,0.752532363,0.760617898,0.699948876,0.78136396,0.775402485,0.919906257,0.9820618,0.810969368,0.870636867,0.897786389
0.954330322,0.87544021,0.864430822,0.805373266,0.886337781,0.669165985,0.804573072,0.775669956,0.871183985,0.675641102,0.810896138,0.774551415,0.861503103,0.754938754,0.762065682,0.698192542,0.773604892,0.779637606,0.915639112,1.013731241,0.800061837,0.877434827,0.900862782
0.968245687,0.871358906,0.860960602,0.800518713,0.887035007,0.664726581,0.804780823,0.77162768,0.868474619,0.676041293,0.81795409,0.771373436,0.861182609,0.753051859,0.765289966,0.705579433,0.78639301,0.774057097,0.919070438,1.007677853,0.800097518,0.875354835,0.902584338
0.959659987,0.868145934,0.85289533,0.809949064,0.882405502,0.666855854,0.800843588,0.772131726,0.867812817,0.674140895,0.821160787,0.761495974,0.864651343,0.753603069,0.765801925,0.703305212,0.774462009,0.774518488,0.919102943,0.995803458,0.796048115,0.881804918,0.891703356
0.961102167,0.876735561,0.861017235,0.815594744,0.888556945,0.664065133,0.801376198,0.767838932,0.868509417,0.667771942,0.82422204,0.76610711,0.862659008,0.755722992,0.766179966,0.697705841,0.777283962,0.768430507,0.927561488,0.999440241,0.802260416,0.876906605,0.892630252
0.96168363,0.880267857,0.863444187,0.810653775,0.885412365,0.667853984,0.798727819,0.769313116,0.864027999,0.675254669,0.814771942,0.767147735,0.856302721,0.755155751,0.769635407,0.700439446,0.776132191,0.781818845,0.920994813,1.002873047,0.806814636,0.874421662,0.89602828
0.955684434,0.876010486,0.858702738,0.812673423,0.884853295,0.662210828,0.795658671,0.768281467,0.869580318,0.674552498,0.818428583,0.772003784,0.859541146,0.753729236,0.767911431,0.70076031,0.777968181,0.778180726,0.921796739,0.999792522,0.801853655,0.881236952,0.896053196
0.955404093,0.863715527,0.861574686,0.808757624,0.883060227,0.657175248,0.800639587,0.771784505,0.873010523,0.671375053,0.805624298,0.764466702,0.849294765,0.756977621,0.768052549,0.70237645,0.775435447,0.773760574,0.928994999,1.006083846,0.801359007,0.879060302,0.902903966
0.965157273,0.871774641,0.864313361,0.802092283,0.884951938,0.663932176,0.801100859,0.77040365,0.871329291,0.67659641,0.820882226,0.766178537,0.850266582,0.75507813,0.769027325,0.706931096,0.77872475,0.774479101,0.932459916,1.000866305,0.806398002,0.875791402,0.904141365
0.957966104,0.880704907,0.865094031,0.814673432,0.886822381,0.660829952,0.795671566,0.768351224,0.870990296,0.672377201,0.81030859,0.77810851,0.855322832,0.760094695,0.761721329,0.70519594,0.780517835,0.778206297,0.929708408,1.005386863,0.799936982,0.884392135,0.897569327
0.955686135,0.870173677,0.869472489,0.806581357,0.885430901,0.665371075,0.806738741,0.764281449,0.868026881,0.676185679,0.815983852,0.766382125,0.855632328,0.760013664,0.769674923,0.70625047,0.777831289,0.772079815,0.927621605,1.018304018,0.796501973,0.877215889,0.904909421
0.960184969,0.867883119,0.868557369,0.803466629,0.883534081,0.65435746,0.811951987,0.765433752,0.868718508,0.672311083,0.82153316,0.766775793,0.852824143,0.754887147,0.768483861,0.704845304,0.777160008,0.773395544,0.92489238,0.993075818,0.805703587,0.87654272,0.897261131
0.961704468,0.883990736,0.863075878,0.814689312,0.879929685,0.658246438,0.799820628,0.770514311,0.868219709,0.671087386,0.80973421,0.772909957,0.852143659,0.76421502,0.769377608,0.705672703,0.77800819,0.778564626,0.931999429,1.044083582,0.795751448,0.880320028,0.902651266
0.94990874,0.878121122,0.87626269,0.801561108,0.887567099,0.657903397,0.799350483,0.766399194,0.867088735,0.675891292,0.817701568,0.759694442,0.845300741,0.764319477,0.768576976,0.705562179,0.780377643,0.771048976,0.937035197,1.01151899,0.800865754,0.878446979,0.90950554
0.95588065,0.880838559,0.861133974,0.808888501,0.883456516,0.651388595,0.805985877,0.775099553,0.86579325,0.676849815,0.818180701,0.770164627,0.85740345,0.756156979,0.765417558,0.702203245,0.781073262,0.773649836,0.928389538,1.00127945,0.813125066,0.881582353,0.897649258
0.95034908,0.871667692,0.869202063,0.811407981,0.882378561,0.652645041,0.796222949,0.775067717,0.869085462,0.671425329,0.811689497,0.761863246,0.854827949,0.770799186,0.771377236,0.701957064,0.78165614,0.779217953,0.931590621,1.023461616,0.811747854,0.885472331,0.90504956
0.95452133,0.871575033,0.86169001,0.812637551,0.88194245,0.65205724,0.797120981,0.766248408,0.872518114,0.672418121,0.81322629,0.766264742,0.856385952,0.759576542,0.775557724,0.698981896,0.776819366,0.773681334,0.934099497,1.009016487,0.8098511,0.884253842,0.898382906
0.956312682,0.868510188,0.871417376,0.803459537,0.885909659,0.659179558,0.795179471,0.769484772,0.865284204,0.668247958,0.837241766,0.765249421,0.849278498,0.759472804,0.773719985,0.702300665,0.772148539,0.77412803,0.938955066,1.002529987,0.808666432,0.880084546,0.902855879
0.950896978,0.878921009,0.871301504,0.814266205,0.884376783,0.653299187,0.800842283,0.768335698,0.865831204,0.670126334,0.836880641,0.771284126,0.853634366,0.769077982,0.778469549,0.705450915,0.786045814,0.772240543,0.935071414,1.025804733,0.804149377,0.886332304,0.901618236
0.962960598,0.875502783,0.862926358,0.812008113,0.88335933,0.656835105,0.796108658,0.772704136,0.867744024,0.671464612,0.833628733,0.763410421,0.851278574,0.767631802,0.770920674,0.699933137,0.773720006,0.776180339,0.93349159,0.996398131,0.809824216,0.877692467,0.902030884
0.964621271,0.872268705,0.867009523,0.811333972,0.894291413,0.65747658,0.800789365,0.766940056,0.869830812,0.675613366,0.830444194,0.768041502,0.855125251,0.768625167,0.771347843,0.704203921,0.77241441,0.777230336,0.931694843,1.005906361,0.813505362,0.882371869,0.901486824
0.956534264,0.877793941,0.876684528,0.806924544,0.886687184,0.654906196,0.803532633,0.770978855,0.863844528,0.676594799,0.838485413,0.770700077,0.840841236,0.767070415,0.776228714,0.70177284,0.780359743,0.781021141,0.930340091,1.018182027,0.818863259,0.877010185,0.909852757
0.954747976,0.871505353,0.869438849,0.805726896,0.883515255,0.654297538,0.787773802,0.765325022,0.868126032,0.673775191,0.834722197,0.762352843,0.846198851,0.763667211,0.777418282,0.702505348,0.773193023,0.770178364,0.934575912,1.020604155,0.809058527,0.872868735,0.90548087
0.947043784,0.875109643,0.878008065,0.806761429,0.880085902,0.650158824,0.794776396,0.764244805,0.867275032,0.674115986,0.830522461,0.765062277,0.838263348,0.776538652,0.781217439,0.70754042,0.772907862,0.775187418,0.929168112,1.044227554,0.811305084,0.881921487,0.906433637
0.959792395,0.878940011,0.875734346,0.808719756,0.88795733,0.655632353,0.793281943,0.769364909,0.865961856,0.675549793,0.821321199,0.761010395,0.843108854,0.774213453,0.777246126,0.70810156,0.773961643,0.778468614,0.930954146,1.035736235,0.797982236,0.884459188,0.89860588
0.963712023,0.874794611,0.868854539,0.817449367,0.880731564,0.651174201,0.786592194,0.764926385,0.86779953,0.674338698,0.827117334,0.765725715,0.845593252,0.773847998,0.780652608,0.700766739,0.770316443,0.775235196,0.922205417,1.014438464,0.807458375,0.887356732,0.908232705
0.963553186,0.878509248,0.879009867,0.813225021,0.882913969,0.653542853,0.793176005,0.764654013,0.867283688,0.672093883,0.818586636,0.763837431,0.842311173,0.768076732,0.781835675,0.704508993,0.773395799,0.774702469,0.926810643,1.035079438,0.813568726,0.881664353,0.895412798
0.95847834,0.875942947,0.879373325,0.811320014,0.8808666,0.643585291,0.784724849,0.763453393,0.87156288,0.6765964,0.828514753,0.759714703,0.841902536,0.775678104,0.775059186,0.702367546,0.780318749,0.769974744,0.920230818,1.012697648,0.81489401,0.887069652,0.901252358
0.964791788,0.873463413,0.870983591,0.813781294,0.878665895,0.646030758,0.780644876,0.75959119,0.861941915,0.6737631,0.828156932,0.769384633,0.844632839,0.769363432,0.777311182,0.696121222,0.76829655,0.769493895,0.937972028,1.01472751,0.820042994,0.884970957,0.899974182
0.962747454,0.876668171,0.878707308,0.814700182,0.879620102,0.649295531,0.784270688,0.761633409,0.866952357,0.673735288,0.821417215,0.7542204,0.843845228,0.768871095,0.781960011,0.702514639,0.773694595,0.772985036,0.93249034,1.039148472,0.82686207,0.891012992,0.903391316
0.96181274,0.872424453,0.88759499,0.806806129,0.87997009,0.645244766,0.779592523,0.759897999,0.869913651,0.673890508,0.818374944,0.757149238,0.833829813,0.773548372,0.780658027,0.701573793,0.772940204,0.771999488,0.927067378,1.027022508,0.826297319,0.886463713,0.898620751
0.968104488,0.872077884,0.890012576,0.806218176,0.877647396,0.643257364,0.779796152,0.763255445,0.866094001,0.67220344,0.815295207,0.751393322,0.835187833,0.774560061,0.783789782,0.703906059,0.77149082,0.779472278,0.935385392,1.04135252,0.838837388,0.890747602,0.912680421
0.96764061,0.881105197,0.892806511,0.810802805,0.878542717,0.6464378,0.785772081,0.758047039,0.86573275,0.68257129,0.819753987,0.757840571,0.836273497,0.771569169,0.777657274,0.708327617,0.780226897,0.765906548,0.932421025,1.023512714,0.840448168,0.88166195,0.910492324
0.969139164,0.87617395,0.885604924,0.805119876,0.878222228,0.647439807,0.783812164,0.757272414,0.86928182,0.67920572,0.817123527,0.757077609,0.836307138,0.775107692,0.782248648,0.702233151,0.779772735,0.770094915,0.94142198,1.030531026,0.841944247,0.8947096,0.912730938
0.969223769,0.879231604,0.887869257,0.813636648,0.877587711,0.642289499,0.783144037,0.751769646,0.869651037,0.679004355,0.823376461,0.74842993,0.84066294,0.776198557,0.78030023,0.705673256,0.774305049,0.771542163,0.932684993,1.045601214,0.833415788,0.890625215,0.905724067
0.963528087,0.875959542,0.878943145,0.817105276,0.878701224,0.642968042,0.778619454,0.753546898,0.864689082,0.679675598,0.820103407,0.760627763,0.841679967,0.78015882,0.784286247,0.700582152,0.770895321,0.773539181,0.926805617,1.042233583,0.831254622,0.892270383,0.908298469
0.957324325,0.873902435,0.880651767,0.81796274,0.877482228,0.642786315,0.786504211,0.757425249,0.867142134,0.674934477,0.814600339,0.757097444,0.843314177,0.774997239,0.781795677,0.702740299,0.778556907,0.771274205,0.937318457,1.014511228,0.830626141,0.886707146,0.900765175
0.972512082,0.873045637,0.888744851,0.817094631,0.879832208,0.647293929,0.780316947,0.75993939,0.866657222,0.681755263,0.814278742,0.762836609,0.841765773,0.778623738,0.784482973,0.704940616,0.777343269,0.767902667,0.931054061,1.052821419,0.829477455,0.896554893,0.906813349
0.968864021,0.869843342,0.889402335,0.809010619,0.882193258,0.642048499,0.779980139,0.756417526,0.867546831,0.682117169,0.808044247,0.762635501,0.831627823,0.774081755,0.78618546,0.706469491,0.783130513,0.765703863,0.935026634,1.045566938,0.828922284,0.879539565,0.918055465
0.963276584,0.870879289,0.886132056,0.820946044,0.877857065,0.641622009,0.775671026,0.760589672,0.865836122,0.681076422,0.809795827,0.747312622,0.83305367,0.777601134,0.789327345,0.701936615,0.776170793,0.770328194,0.935946598,1.051342519,0.828273182,0.888027305,0.908464353
0.953535551,0.86492011,0.887441944,0.827430641,0.874582484,0.643469812,0.761683488,0.752486957,0.869045118,0.679574262,0.810885918,0.756830058,0.839414957,0.776978442,0.784215046,0.702888426,0.77716283,0.767342648,0.94135931,1.061593932,0.823019403,0.898212869,0.906211494
0.963675506,0.87599612,0.890173716,0.816568048,0.87924425,0.648580242,0.779280651,0.759859714,0.866198328,0.683468147,0.809798192,0.761806591,0.832171061,0.781706964,0.786457672,0.702032212,0.779257549,0.767242648,0.938408704,1.05468768,0.830719232,0.896696263,0.913990382
0.96738616,0.880647171,0.893913411,0.816166371,0.877537682,0.64879223,0.771697076,0.756978997,0.866350728,0.685154595,0.792783579,0.753232919,0.837356732,0.788218126,0.789288393,0.706155785,0.783656981,0.761214244,0.945037313,1.035150285,0.828246221,0.890386765,0.913103671
0.965273551,0.877316289,0.88838016,0.817129081,0.876189829,0.637626193,0.764900841,0.758305743,0.865767296,0.680885421,0.810909257,0.753278358,0.845974899,0.776960826,0.790717876,0.70566835,0.777516672,0.77066764,0.934311071,1.035872889,0.821913604,0.892147651,0.9077095
0.965832564,0.880753158,0.891298715,0.820257447,0.869396371,0.641257912,0.77388122,0.761627721,0.866218523,0.682506899,0.806715021,0.751754102,0.840689995,0.784561872,0.782317799,0.703639072,0.783722479,0.764313322,0.93293696,1.022060972,0.831088855,0.891003951,0.908586003
0.967432295,0.88192759,0.884864784,0.819225618,0.875942632,0.64602002,0.775711923,0.753687749,0.866583712,0.681537342,0.803812723,0.74811029,0.840226377,0.784449539,0.788885638,0.707105079,0.780030929,0.771905315,0.936502483,1.039951686,0.822396252,0.886918184,0.908647229
0.963448413,0.88079989,0.888799767,0.816538295,0.878663851,0.640185107,0.77025954,0.758682898,0.867812817,0.689816877,0.798997429,0.73858622,0.829192949,0.783435413,0.786269352,0.707473732,0.773786948,0.762664472,0.942272909,1.057464937,0.822696359,0.893248747,0.915036746
0.951946669,0.873176736,0.890426166,0.817033877,0.877816102,0.638158723,0.760424872,0.756645406,0.869404187,0.683188135,0.806019558,0.761833792,0.838310934,0.773236174,0.784585286,0.705117297,0.78477505,0.758242285,0.940638648,1.041876682,0.831877504,0.887686513,0.915077368
0.962446,0.87819934,0.887466791,0.818956042,0.875356294,0.645727565,0.772658042,0.753701939,0.863942477,0.688007278,0.812259672,0.748574794,0.836666813,0.779018275,0.78489663,0.702999021,0.779670436,0.766283376,0.94006294,1.032710782,0.827155684,0.881464252,0.912058418
0.966961588,0.878392802,0.895185796,0.824400457,0.878233779,0.641779574,0.778712851,0.752124994,0.869993713,0.682412963,0.797085086,0.745632966,0.839047136,0.780949024,0.794050462,0.703645487,0.783371694,0.766690552,0.944380274,1.037764539,0.827979145,0.89040137,0.915742409
0.962843099,0.872571004,0.89793945,0.817293136,0.883105892,0.647688769,0.778485911,0.75622763,0.871972164,0.688198249,0.807610141,0.736012949,0.834544281,0.78081523,0.789781471,0.708108736,0.782713927,0.759809865,0.947130338,1.032314385,0.836652663,0.8883126,0.922721032
0.949225059,0.872816995,0.893163687,0.819535851,0.880879554,0.640603654,0.776873229,0.749755075,0.867390915,0.688857353,0.797033232,0.734648139,0.832006859,0.78069839,0.783789621,0.707763959,0.777337809,0.764200593,0.949039697,1.047825826,0.819905608,0.876307519,0.923039181
0.946299657,0.872320006,0.889305191,0.819951771,0.875974857,0.632891445,0.769026265,0.747451496,0.866413542,0.685961101,0.801207032,0.742791246,0.838823879,0.776702854,0.783543029,0.705475842,0.783261613,0.757869442,0.94292545,1.037971807,0.829300549,0.886033249,0.916760265
0.957015066,0.878692582,0.89451868,0.821040412,0.877857551,0.640674825,0.767092587,0.747623687,0.871612159,0.684034686,0.797541966,0.736743965,0.838026946,0.783139956,0.791633167,0.706677001,0.782031389,0.764403458,0.940663439,1.061906711,0.821087294,0.891272121,0.915414744
0.952561753,0.874717878,0.896833948,0.819014428,0.885896076,0.633546218,0.775007246,0.747132657,0.861961885,0.69283237,0.790584444,0.735307767,0.830515881,0.786407358,0.79151546,0.711880716,0.780205835,0.759777396,0.950856573,1.074083697,0.824488818,0.882076455,0.921283991
0.951316082,0.883549687,0.886479473,0.822912742,0.880522893,0.63237763,0.757647624,0.745988646,0.863203042,0.69258361,0.810472728,0.742586183,0.831958962,0.784363054,0.790836808,0.702095638,0.79265515,0.757633073,0.939480346,1.046905047,0.828127812,0.880370443,0.914297255
0.955123139,0.882426554,0.889113375,0.826946367,0.882507268,0.635964568,0.762356335,0.742565488,0.869963765,0.684131439,0.800882681,0.748774772,0.837280043,0.788725508,0.790393284,0.708367553,0.786081049,0.754345864,0.940559787,1.058443673,0.830650436,0.888857372,0.915183406
0.945522581,0.877422698,0.893645058,0.819555975,0.882365292,0.635585616,0.763676567,0.744553302,0.86560198,0.680049133,0.792189901,0.749397246,0.831926497,0.782144047,0.792192671,0.707964742,0.781595451,0.761982432,0.941606791,1.06015635,0.821275303,0.887641654,0.918916364
0.951845672,0.894196523,0.892361259,0.819174395,0.881036035,0.641309224,0.76214038,0.74274284,0.870577363,0.687114384,0.80959449,0.747543608,0.840034645,0.779654352,0.787278663,0.706627074,0.791392575,0.757275363,0.948078953,1.051248399,0.840475195,0.884693202,0.917048124
0.958486894,0.877251977,0.89693431,0.816604102,0.881568159,0.636740675,0.764906606,0.741720815,0.865003925,0.695959786,0.796929943,0.746566929,0.831453547,0.778035092,0.788284276,0.707587763,0.783428218,0.748867298,0.948415603,1.050862968,0.835190654,0.880209773,0.919485213
0.953951909,0.882951657,0.906951325,0.819466961,0.885558199,0.636022102,0.766799159,0.743137017,0.868454901,0.688256786,0.784853657,0.732683324,0.828748273,0.785957204,0.795176869,0.714237401,0.779610104,0.755163985,0.952762583,1.091715944,0.821545359,0.887634845,0.927009641
0.957380055,0.869705776,0.898533937,0.819577823,0.889191259,0.635248755,0.765802456,0.743167445,0.864617361,0.689383215,0.796826405,0.737060679,0.829564398,0.781547849,0.79074564,0.711677561,0.791155213,0.753106426,0.946690286,1.048783728,0.836560343,0.87781174,0.926779691
0.947569113,0.882568927,0.902434539,0.816852323,0.887709718,0.633533716,0.777698852,0.744959458,0.874701769,0.698931416,0.775355478,0.732679702,0.82129173,0.793388696,0.797746039,0.716076541,0.787918588,0.756422318,0.955941975,1.075252647,0.83357507,0.88050929,0.931864216
0.959984227,0.881563024,0.908753871,0.819120449,0.896538939,0.632572008,0.771979834,0.746632596,0.868517218,0.69108373,0.777493452,0.729788975,0.826404566,0.795933378,0.790946373,0.712919519,0.776653131,0.752586975,0.956905843,1.093189505,0.826217424,0.886526912,0.937056556
0.959538393,0.873334229,0.896549909,0.822232759,0.896434705,0.632158159,0.762766696,0.734752904,0.868121607,0.689192968,0.784902086,0.743269853,0.826466232,0.789568192,0.789170975,0.705330617,0.789225329,0.751268227,0.956000701,1.058468797,0.838979929,0.887473134,0.925898839
0.946758381,0.873061888,0.894323935,0.819267554,0.904508934,0.630581279,0.763549169,0.738237117,0.866994265,0.691288994,0.791898625,0.73619769,0.83046087,0.780893063,0.793171889,0.706564501,0.793423694,0.752466525,0.950107573,1.052581458,0.837931504,0.891516372,0.916730051
0.956855841,0.892337911,0.896863345,0.826727123,0.904503827,0.625420229,0.754497209,0.730239836,0.865668545,0.688456998,0.788637075,0.728481099,0.831262299,0.787942012,0.793480667,0.709221194,0.782038488,0.755550347,0.954422258,1.076463694,0.828401055,0.898060765,0.91989169
0.953783626,0.875493037,0.897726625,0.829090976,0.902718788,0.623540148,0.750987669,0.730782551,0.868351679,0.690393413,0.789295797,0.740669864,0.833528968,0.792378736,0.79460183,0.704159859,0.78514024,0.753208051,0.948351202,1.059794729,0.836018711,0.891529721,0.915439409
0.949344784,0.883841276,0.903759974,0.824758565,0.904270079,0.633748503,0.757321672,0.733414598,0.867411133,0.686336343,0.791016854,0.732740407,0.829821153,0.78966593,0.795098248,0.709483797,0.774717614,0.752758431,0.952029765,1.061926915,0.823136384,0.892112476,0.916472202
0.963662661,0.883034497,0.904805007,0.824441292,0.908895997,0.633198745,0.770134844,0.741566127,0.872624304,0.690324256,0.788019682,0.74030638,0.823635237,0.797159514,0.794345416,0.712823731,0.788343596,0.753995492,0.952426034,1.087906349,0.839764224,0.892212408,0.923917432
0.945368349,0.87491773,0.91490672,0.82251497,0.896757385,0.626410083,0.766372644,0.742870261,0.870782376,0.694447097,0.794531911,0.728562843,0.820551323,0.790094873,0.792884551,0.707033076,0.789156772,0.752948172,0.951730343,1.084163586,0.84416726,0.886895296,0.922280483
0.963978123,0.878476266,0.911151236,0.823052669,0.906924595,0.626215284,0.767958159,0.741296735,0.872461388,0.690523556,0.777573642,0.748439855,0.818255312,0.802539193,0.796274073,0.708199561,0.784553848,0.744823112,0.959934292,1.076245086,0.83785188,0.888788264,0.929242361
0.944204191,0.879106232,0.912212702,0.82181272,0.89950303,0.618726158,0.764619783,0.734291334,0.867416642,0.69196203,0.796958609,0.738712472,0.819178941,0.794175592,0.796476992,0.714606467,0.781422275,0.75343731,0.950738711,1.076487229,0.838344797,0.89161139,0.92489965
0.955520513,0.874974887,0.907269356,0.819487508,0.898086115,0.627222016,0.765188412,0.737453595,0.869291591,0.687052573,0.78581199,0.727628886,0.816044318,0.793506979,0.792591837,0.710950392,0.790699107,0.749859486,0.953675477,1.074814107,0.843031008,0.889635374,0.923807753
0.95479111,0.890849504,0.914701305,0.823622809,0.89777631,0.624793648,0.760335416,0.736567814,0.864855633,0.690879329,0.788196362,0.740111005,0.824313614,0.788957211,0.798053107,0.7108545,0.794429242,0.744694069,0.953625705,1.033011609,0.83999111,0.893390489,0.920806911
0.951880144,0.876952435,0.902881066,0.826048415,0.894891898,0.627370873,0.746131751,0.732780559,0.865168382,0.686306056,0.788867916,0.728386543,0.822952597,0.780195187,0.794219818,0.712562843,0.784362656,0.745338408,0.951368404,1.064039629,0.841216409,0.889236474,0.915972473
0.956912143,0.880345983,0.911880766,0.821799344,0.899249661,0.630173648,0.76286428,0.736297318,0.870679027,0.691638117,0.792586684,0.729524872,0.818379114,0.795004978,0.793963899,0.713561547,0.788755464,0.747564547,0.957984935,1.060509169,0.84005053,0.890402507,0.928869644
